n,owner,url,audit_flag
1,nick,https://www.instagram.com/p/DczYm12gB63/,missing
2,nick,https://www.instagram.com/reel/DYNz0cONoH_/,conflict
3,nick,https://www.instagram.com/reel/DZ9OTnGNQrh/,spelling
4,nick,https://www.instagram.com/reel/DZ_B2J7PVRP/,missing
5,nick,https://www.instagram.com/reel/DZzvbTupPND/,missing
6,nick,https://www.instagram.com/reel/DaV_MU8P0Mo/,conflict
7,nick,https://www.instagram.com/reel/DbD2qagucLP/,place
8,nick,https://www.instagram.com/reel/DbJZLJ7BZrR/,spelling
9,nick,https://www.instagram.com/reel/DbbThiTPaZA/,spelling
10,nick,https://www.instagram.com/reel/Dc161MuvZYC/,conflict
11,nick,https://www.instagram.com/reel/Dc2XHu1Nza9/,place
12,nick,https://www.instagram.com/reel/DcMB_rBxYpT/,conflict
13,nick,https://www.instagram.com/reel/DcXjblVNMbd/,missing
14,nick,https://www.instagram.com/reel/Dc_8OPNyLTK/,missing
15,nick,https://www.instagram.com/reel/Dc_Sl5DhQW3/,spelling
16,nick,https://www.instagram.com/reel/Dc_zXFxP-Ge/,spelling
17,nick,https://www.instagram.com/reel/Dcg_j7ihsDO/,missing
18,nick,https://www.instagram.com/reel/DcjPLEViiqD/,place
19,nick,https://www.instagram.com/reel/DcmdLqAvuph/,place
20,nick,https://www.instagram.com/reel/Dcqufg9xc3c/,place
21,nick,https://www.instagram.com/reel/DcrI427sRR5/,missing
22,nick,https://www.instagram.com/reel/DcxY36XTfLt/,conflict
23,nick,https://www.instagram.com/reel/DcydhXSqqNr/,spelling
24,nick,https://www.instagram.com/reel/DczhBs0PCXb/,missing
25,nick,https://www.instagram.com/reel/DczjUiCPNHP/,spelling
26,nick,https://www.instagram.com/reel/Dczyw2LhXUx/,missing
27,nick,https://www.instagram.com/reel/DdAOIcXvZhT/,spelling
28,nick,https://www.instagram.com/reel/DdAlyaqtXp6/,missing
29,nick,https://www.instagram.com/reel/DdB4q5GTgGv/,missing
30,nick,https://www.instagram.com/reel/DdBfRxhJvWQ/,missing
31,nick,https://www.instagram.com/reel/DdBojZtpzNN/,missing
32,nick,https://www.instagram.com/reel/DdBx7Losi5S/,missing
33,nick,https://www.instagram.com/reel/DdBz7zuRZh6/,missing
34,nick,https://www.instagram.com/reel/DdC6LmCAlCX/,spelling
35,nick,https://www.instagram.com/reel/DdCENZ0BG-t/,conflict
36,nick,https://www.instagram.com/reel/DdCNlGhhLyB/,conflict
37,nick,https://www.instagram.com/reel/DdCg3YGSPSP/,conflict
38,nick,https://www.instagram.com/reel/DdCqjQjygX0/,missing
39,nick,https://www.instagram.com/reel/DdCsZish2kj/,conflict
40,nick,https://www.instagram.com/reel/DdCsszozQ6b/,missing
41,nick,https://www.instagram.com/reel/DdCuPqkhAbu/,missing
42,nick,https://www.instagram.com/reel/DdCy4wZRran/,conflict
43,nick,https://www.instagram.com/reel/DdDCXoiNHIV/,missing
44,nick,https://www.instagram.com/reel/DdDSn6btMU5/,conflict
45,nick,https://www.instagram.com/reel/DdDTF6QMbVP/,missing
46,nick,https://www.instagram.com/reel/DdDyCcsBY5S/,conflict
47,nick,https://www.instagram.com/reel/DdEpCezBH-O/,missing
48,nick,https://www.instagram.com/reel/DdXikJ6JLdd/,conflict
49,nick,https://www.instagram.com/reel/DduKXyMBMhm/,conflict
50,nick,https://www.instagram.com/p/DUbswFigBNZ/,
51,nick,https://www.instagram.com/p/DbwdNt2ga09/,
52,nick,https://www.instagram.com/reel/DM8vR_gSb9w/,
53,nick,https://www.instagram.com/reel/DWR0BhuD0Ho/,
54,nick,https://www.instagram.com/reel/DXR9yLHESKQ/,
55,nick,https://www.instagram.com/reel/DYh-C2FPiGS/,
56,nick,https://www.instagram.com/reel/DZ5XvAhzzFc/,
57,nick,https://www.instagram.com/reel/DZ9MaY4tFzV/,
58,nick,https://www.instagram.com/reel/DZ_LoJovDf1/,
59,nick,https://www.instagram.com/reel/DZdxdGbu7Lo/,
60,nick,https://www.instagram.com/reel/DZnfwiBvBmw/,
61,nick,https://www.instagram.com/reel/DZpoclbMOvA/,
62,nick,https://www.instagram.com/reel/DZqT6pNEXur/,
63,nick,https://www.instagram.com/reel/DZvmfRQgrR-/,
64,nick,https://www.instagram.com/reel/DZyUpeBP46v/,
65,nick,https://www.instagram.com/reel/Da-QNqxzr5J/,
66,nick,https://www.instagram.com/reel/Da0-y8DB-FB/,
67,nick,https://www.instagram.com/reel/Da3qjWthvrt/,
68,nick,https://www.instagram.com/reel/Da6k-_bRF_Y/,
69,nick,https://www.instagram.com/reel/DaBQ5Rkt9zd/,
70,nick,https://www.instagram.com/reel/DaKZHFczFZn/,
71,nick,https://www.instagram.com/reel/DaLeLXUBGBg/,
72,nick,https://www.instagram.com/reel/DaQGzRNTyCu/,
73,nick,https://www.instagram.com/reel/DaRWUnkp09C/,
74,nick,https://www.instagram.com/reel/DabzdAzRzJA/,
75,nick,https://www.instagram.com/reel/DadmCxkBEPR/,
76,nick,https://www.instagram.com/reel/DafxmFBOMZ7/,
77,nick,https://www.instagram.com/reel/DalvhVkPvFf/,
78,nick,https://www.instagram.com/reel/DaoUbHOhYjx/,
79,nick,https://www.instagram.com/reel/DawcCPlRqwS/,
80,nick,https://www.instagram.com/reel/Db1My3isM6Y/,
81,nick,https://www.instagram.com/reel/Db1qtDmueLa/,
82,nick,https://www.instagram.com/reel/Db2A8M2KGqI/,
83,nick,https://www.instagram.com/reel/Db3by5uxpGl/,
84,nick,https://www.instagram.com/reel/Db4AOLKz3PE/,
85,nick,https://www.instagram.com/reel/Db4I29lOIa6/,
86,nick,https://www.instagram.com/reel/Db4MUX6pYJT/,
87,nick,https://www.instagram.com/reel/Db4WtrNPET_/,
88,nick,https://www.instagram.com/reel/Db4YnjZhocH/,
89,nick,https://www.instagram.com/reel/Db6gAFxs2qM/,
90,nick,https://www.instagram.com/reel/Db6kWzpuUMb/,
91,nick,https://www.instagram.com/reel/Db88I0vB_q6/,
92,nick,https://www.instagram.com/reel/Db9JI5woDj9/,
93,nick,https://www.instagram.com/reel/Db9UPZYpBiT/,
94,nick,https://www.instagram.com/reel/Db9X4DUxUR7/,
95,nick,https://www.instagram.com/reel/DbBJ_lcxEKM/,
96,nick,https://www.instagram.com/reel/DbCERYfpGPp/,
97,nick,https://www.instagram.com/reel/DbEtLPUTrJJ/,
98,nick,https://www.instagram.com/reel/DbG5BOgS6dY/,
99,nick,https://www.instagram.com/reel/DbHdAN0RnyE/,
100,nick,https://www.instagram.com/reel/DbIlUoSPnZR/,
101,nick,https://www.instagram.com/reel/DbJHG-ePdqv/,
102,nick,https://www.instagram.com/reel/DbJdHo3SqGk/,
103,nick,https://www.instagram.com/reel/DbJwRQBzw5C/,
104,nick,https://www.instagram.com/reel/DbL1iGeR8SA/,
105,nick,https://www.instagram.com/reel/DbL96YBvpxQ/,
106,nick,https://www.instagram.com/reel/DbLwoQPMwqz/,
107,nick,https://www.instagram.com/reel/DbMiINyuFZL/,
108,nick,https://www.instagram.com/reel/DbRWjdkvQ0j/,
109,nick,https://www.instagram.com/reel/DbT6JoVysHW/,
110,nick,https://www.instagram.com/reel/DbUpgwmKvr9/,
111,nick,https://www.instagram.com/reel/DbWa7YQhb24/,
112,nick,https://www.instagram.com/reel/DbYkzhRRAZe/,
113,nick,https://www.instagram.com/reel/DbYn9CSsUmz/,
114,nick,https://www.instagram.com/reel/Db__u-2TEBq/,
115,nick,https://www.instagram.com/reel/Dbbr0znu5Kx/,
116,nick,https://www.instagram.com/reel/DbdarK4OuRJ/,
117,nick,https://www.instagram.com/reel/DbgHhBit1MI/,
118,nick,https://www.instagram.com/reel/DbghBe5isBq/,
119,nick,https://www.instagram.com/reel/DbgmmT9v_Nh/,
120,nick,https://www.instagram.com/reel/DblXOBEN08e/,
121,nick,https://www.instagram.com/reel/DblbrmmJvm9/,
122,nick,https://www.instagram.com/reel/DbmJtZeRVIh/,
123,nick,https://www.instagram.com/reel/DbnEv4gguA-/,
124,nick,https://www.instagram.com/reel/DbrK8oDvtp-/,
125,nick,https://www.instagram.com/reel/DbrdhqFpyby/,
126,nick,https://www.instagram.com/reel/DbuPSPUBjOb/,
127,nick,https://www.instagram.com/reel/DbuxQhkP4KQ/,
128,nick,https://www.instagram.com/reel/DbvNm7MhnTx/,
129,nick,https://www.instagram.com/reel/DbvYrlESYPR/,
130,nick,https://www.instagram.com/reel/DbwSE0SQayN/,
131,nick,https://www.instagram.com/reel/DbygvOOTPgu/,
132,nick,https://www.instagram.com/reel/Dbzbu8ev5YE/,
133,nick,https://www.instagram.com/reel/Dc1F1GNCfPV/,
134,nick,https://www.instagram.com/reel/Dc1dZCvh1dG/,
135,nick,https://www.instagram.com/reel/Dc1k3eCvLRq/,
136,nick,https://www.instagram.com/reel/Dc1pOCqhguY/,
137,nick,https://www.instagram.com/reel/Dc1wvaLy6qq/,
138,nick,https://www.instagram.com/reel/Dc6NOzSB2X7/,
139,nick,https://www.instagram.com/reel/Dc6opEbvlij/,
140,nick,https://www.instagram.com/reel/Dc9K4vfB_6n/,
141,nick,https://www.instagram.com/reel/Dc9sfQJSJwR/,
142,nick,https://www.instagram.com/reel/DcACbWFT-7y/,
143,nick,https://www.instagram.com/reel/DcAjkLYN5vD/,
144,nick,https://www.instagram.com/reel/DcB7KZgxHUh/,
145,nick,https://www.instagram.com/reel/DcEdk8vBmUr/,
146,nick,https://www.instagram.com/reel/DcFRZOONEs7/,
147,nick,https://www.instagram.com/reel/DcFhnz6NET8/,
148,nick,https://www.instagram.com/reel/DcHCexyNNwj/,
149,nick,https://www.instagram.com/reel/DcJdgiMzuzc/,
150,nick,https://www.instagram.com/reel/DcKLL89PZVV/,
151,nick,https://www.instagram.com/reel/DcKOjt2oqB3/,
152,nick,https://www.instagram.com/reel/DcMUisXtRCq/,
153,nick,https://www.instagram.com/reel/DcMpxMyPSlh/,
154,nick,https://www.instagram.com/reel/DcMzNhzPWs0/,
155,nick,https://www.instagram.com/reel/DcNkDdsxcCh/,
156,nick,https://www.instagram.com/reel/DcO1bJ2sXVU/,
157,nick,https://www.instagram.com/reel/DcOeg_BuitP/,
158,nick,https://www.instagram.com/reel/DcP85chNg1K/,
159,nick,https://www.instagram.com/reel/DcPBF86yoqe/,
160,nick,https://www.instagram.com/reel/DcPbreYK86W/,
161,nick,https://www.instagram.com/reel/DcQ57BmNEyw/,
162,nick,https://www.instagram.com/reel/DcRXqDaKCJR/,
163,nick,https://www.instagram.com/reel/DcRfN0Dv9M4/,
164,nick,https://www.instagram.com/reel/DcSQjEqt33y/,
165,nick,https://www.instagram.com/reel/DcUoc5thVCf/,
166,nick,https://www.instagram.com/reel/DcW54dsS1py/,
167,nick,https://www.instagram.com/reel/DcW7XyzSaq2/,
168,nick,https://www.instagram.com/reel/DcWOAdiRgr7/,
169,nick,https://www.instagram.com/reel/DcWYz8CsUNe/,
170,nick,https://www.instagram.com/reel/DcXdXQbT_jc/,
171,nick,https://www.instagram.com/reel/DcZExUsCrhc/,
172,nick,https://www.instagram.com/reel/Dc_55DhSj8t/,
173,nick,https://www.instagram.com/reel/Dc_OnGCIULd/,
174,nick,https://www.instagram.com/reel/Dc_bYDSgcZJ/,
175,nick,https://www.instagram.com/reel/Dc_lIehxekU/,
176,nick,https://www.instagram.com/reel/Dc_m6f7Ape3/,
177,nick,https://www.instagram.com/reel/Dc_mSGTFOFD/,
178,nick,https://www.instagram.com/reel/Dc_zmAMMYo5/,
179,nick,https://www.instagram.com/reel/Dcbs-9lyjf7/,
180,nick,https://www.instagram.com/reel/DccCJ-dyfWj/,
181,nick,https://www.instagram.com/reel/DccaANRpLaq/,
182,nick,https://www.instagram.com/reel/DceBbVhxdzE/,
183,nick,https://www.instagram.com/reel/DceZd3kPRxy/,
184,nick,https://www.instagram.com/reel/Dcezhbnv8jY/,
185,nick,https://www.instagram.com/reel/DcfBmJHP7Wk/,
186,nick,https://www.instagram.com/reel/DcfZVmxBkrK/,
187,nick,https://www.instagram.com/reel/DcfmmRRPera/,
188,nick,https://www.instagram.com/reel/Dcgq-XTxRga/,
189,nick,https://www.instagram.com/reel/DcgwUgGoKwr/,
190,nick,https://www.instagram.com/reel/DchLWWvS3bQ/,
191,teammate,https://www.instagram.com/reel/Dchju9BIu8N/,
192,teammate,https://www.instagram.com/reel/DcilKTrRt6T/,
193,teammate,https://www.instagram.com/reel/DcjP96KR7pj/,
194,teammate,https://www.instagram.com/reel/DcjSuqYxS6B/,
195,teammate,https://www.instagram.com/reel/DcjzU1BS7zL/,
196,teammate,https://www.instagram.com/reel/DckHi6ms1Lf/,
197,teammate,https://www.instagram.com/reel/DckQZ2kgAs8/,
198,teammate,https://www.instagram.com/reel/DclkjgkhCtV/,
199,teammate,https://www.instagram.com/reel/Dclq3IoKSR5/,
200,teammate,https://www.instagram.com/reel/Dclr0BKTZ8_/,
201,teammate,https://www.instagram.com/reel/DclvnB1sOh2/,
202,teammate,https://www.instagram.com/reel/Dcm6J5Yv8iF/,
203,teammate,https://www.instagram.com/reel/DcmTrt5J-1B/,
204,teammate,https://www.instagram.com/reel/Dcmp-n3u8Mx/,
205,teammate,https://www.instagram.com/reel/DcmthGAO8AL/,
206,teammate,https://www.instagram.com/reel/Dcop-AKvN8i/,
207,teammate,https://www.instagram.com/reel/DcpAy9rBIkS/,
208,teammate,https://www.instagram.com/reel/DcpB_qfh6jl/,
209,teammate,https://www.instagram.com/reel/DcqkReOJIH7/,
210,teammate,https://www.instagram.com/reel/Dcqp-9xNQiU/,
211,teammate,https://www.instagram.com/reel/DcrN7Zsv5uO/,
212,teammate,https://www.instagram.com/reel/DcrXLrvS80R/,
213,teammate,https://www.instagram.com/reel/DcrlP6Khxg7/,
214,teammate,https://www.instagram.com/reel/DcrzObcz07b/,
215,teammate,https://www.instagram.com/reel/DcsPGivBlKL/,
216,teammate,https://www.instagram.com/reel/Dctaqx6NN4K/,
217,teammate,https://www.instagram.com/reel/DcuDL67SHHj/,
218,teammate,https://www.instagram.com/reel/DcuFoFSSUsw/,
219,teammate,https://www.instagram.com/reel/DcuM5VuzNGp/,
220,teammate,https://www.instagram.com/reel/DcvUxlmNE_m/,
221,teammate,https://www.instagram.com/reel/DcvW8xyqtMp/,
222,teammate,https://www.instagram.com/reel/Dcvw4d4MsRg/,
223,teammate,https://www.instagram.com/reel/Dcw7uh8z1qK/,
224,teammate,https://www.instagram.com/reel/DcwRoCXzQ-u/,
225,teammate,https://www.instagram.com/reel/DcwWBPPxww-/,
226,teammate,https://www.instagram.com/reel/DcwrfrUg4PR/,
227,teammate,https://www.instagram.com/reel/Dcy8aaRyCDf/,
228,teammate,https://www.instagram.com/reel/Dcyvvwnhupu/,
229,teammate,https://www.instagram.com/reel/Dcyw1wOReBb/,
230,teammate,https://www.instagram.com/reel/DdA28k4MK_1/,
231,teammate,https://www.instagram.com/reel/DdA2m2pTA0u/,
232,teammate,https://www.instagram.com/reel/DdAAwMCp1Q6/,
233,teammate,https://www.instagram.com/reel/DdAHugySZIQ/,
234,teammate,https://www.instagram.com/reel/DdAIbFWSiHy/,
235,teammate,https://www.instagram.com/reel/DdAOQ9iBe5x/,
236,teammate,https://www.instagram.com/reel/DdAPwbjvs0r/,
237,teammate,https://www.instagram.com/reel/DdA_jkuTilZ/,
238,teammate,https://www.instagram.com/reel/DdAgTaXzgxY/,
239,teammate,https://www.instagram.com/reel/DdAkGahCfd5/,
240,teammate,https://www.instagram.com/reel/DdB-ipJSfoE/,
241,teammate,https://www.instagram.com/reel/DdB08AVM2mh/,
242,teammate,https://www.instagram.com/reel/DdB0zcqDCD7/,
243,teammate,https://www.instagram.com/reel/DdB3VTwsYZM/,
244,teammate,https://www.instagram.com/reel/DdB5xTbzOb8/,
245,teammate,https://www.instagram.com/reel/DdB6GDBTVba/,
246,teammate,https://www.instagram.com/reel/DdB6s_4v41Y/,
247,teammate,https://www.instagram.com/reel/DdB7m3TBdVr/,
248,teammate,https://www.instagram.com/reel/DdB8mGMuhs5/,
249,teammate,https://www.instagram.com/reel/DdBHFoniz9A/,
250,teammate,https://www.instagram.com/reel/DdBNQT6Jlvv/,
251,teammate,https://www.instagram.com/reel/DdBNeWYPN-l/,
252,teammate,https://www.instagram.com/reel/DdBSc_gBO3G/,
253,teammate,https://www.instagram.com/reel/DdB_EIvJ-Q9/,
254,teammate,https://www.instagram.com/reel/DdBnoZDhinV/,
255,teammate,https://www.instagram.com/reel/DdBpCoNR0Qt/,
256,teammate,https://www.instagram.com/reel/DdBqxmbI6b8/,
257,teammate,https://www.instagram.com/reel/DdBtvydywyC/,
258,teammate,https://www.instagram.com/reel/DdBvGNwJJmm/,
259,teammate,https://www.instagram.com/reel/DdBvZzdRfps/,
260,teammate,https://www.instagram.com/reel/DdBwIGQRnT6/,
261,teammate,https://www.instagram.com/reel/DdByOmoxWJo/,
262,teammate,https://www.instagram.com/reel/DdBzt2ZBeAE/,
263,teammate,https://www.instagram.com/reel/DdC-oxip88d/,
264,teammate,https://www.instagram.com/reel/DdC0Rl6h0GJ/,
265,teammate,https://www.instagram.com/reel/DdC1JfaPjGJ/,
266,teammate,https://www.instagram.com/reel/DdC1dPdP0pM/,
267,teammate,https://www.instagram.com/reel/DdC55jhy0Ru/,
268,teammate,https://www.instagram.com/reel/DdC5VwxJLa-/,
269,teammate,https://www.instagram.com/reel/DdC5zZPS88t/,
270,teammate,https://www.instagram.com/reel/DdC6HVNB3_h/,
271,teammate,https://www.instagram.com/reel/DdC7FnVhYzI/,
272,teammate,https://www.instagram.com/reel/DdC7KLRh_rJ/,
273,teammate,https://www.instagram.com/reel/DdC7jKaP4Ps/,
274,teammate,https://www.instagram.com/reel/DdCAxM8B49H/,
275,teammate,https://www.instagram.com/reel/DdCB6xXzaWR/,
276,teammate,https://www.instagram.com/reel/DdCBE0lOl8p/,
277,teammate,https://www.instagram.com/reel/DdCBUosgLuh/,
278,teammate,https://www.instagram.com/reel/DdCCTXQJ8oU/,
279,teammate,https://www.instagram.com/reel/DdCEL8GS6B7/,
280,teammate,https://www.instagram.com/reel/DdCF5klATFH/,
281,teammate,https://www.instagram.com/reel/DdCFDjMsO8p/,
282,teammate,https://www.instagram.com/reel/DdCGdQFs4Nh/,
283,teammate,https://www.instagram.com/reel/DdCL7JGBWyt/,
284,teammate,https://www.instagram.com/reel/DdCLGeKDVrW/,
285,teammate,https://www.instagram.com/reel/DdCLrLUx5FT/,
286,teammate,https://www.instagram.com/reel/DdCM_tuhA5L/,
287,teammate,https://www.instagram.com/reel/DdCQNyCleo7/,
288,teammate,https://www.instagram.com/reel/DdCS-8Ovq2K/,
289,teammate,https://www.instagram.com/reel/DdCStVtmWm4/,
290,teammate,https://www.instagram.com/reel/DdCUcTtPwKo/,
291,teammate,https://www.instagram.com/reel/DdCUv7FoRdP/,
292,teammate,https://www.instagram.com/reel/DdCVbePMaOl/,
293,teammate,https://www.instagram.com/reel/DdCZ0dGPtgO/,
294,teammate,https://www.instagram.com/reel/DdCZhP6hmSv/,
295,teammate,https://www.instagram.com/reel/DdC_F1Oxrbk/,
296,teammate,https://www.instagram.com/reel/DdC_GCjR-Rf/,
297,teammate,https://www.instagram.com/reel/DdC_oX9xQ24/,
298,teammate,https://www.instagram.com/reel/DdCaW6DCOxV/,
299,teammate,https://www.instagram.com/reel/DdCamQnh1Xi/,
300,teammate,https://www.instagram.com/reel/DdCbTQMySgA/,
301,teammate,https://www.instagram.com/reel/DdCcHiDhusb/,
302,teammate,https://www.instagram.com/reel/DdCdHXnhxNG/,
303,teammate,https://www.instagram.com/reel/DdCdMJ0S3eH/,
304,teammate,https://www.instagram.com/reel/DdCdmvgPuMD/,
305,teammate,https://www.instagram.com/reel/DdCeRuzy7wl/,
306,teammate,https://www.instagram.com/reel/DdCeqiUhqRE/,
307,teammate,https://www.instagram.com/reel/DdCeuWmN_UJ/,
308,teammate,https://www.instagram.com/reel/DdCf-4CtYtL/,
309,teammate,https://www.instagram.com/reel/DdCfw6XB39l/,
310,teammate,https://www.instagram.com/reel/DdCgDpfyvdi/,
311,teammate,https://www.instagram.com/reel/DdCgDsASTxy/,
312,teammate,https://www.instagram.com/reel/DdCgEanSHqm/,
313,teammate,https://www.instagram.com/reel/DdCgLFxydlg/,
314,teammate,https://www.instagram.com/reel/DdChGTtyXuk/,
315,teammate,https://www.instagram.com/reel/DdCiADMvojF/,
316,teammate,https://www.instagram.com/reel/DdCinfnzFVQ/,
317,teammate,https://www.instagram.com/reel/DdCj8aDyJ_4/,
318,teammate,https://www.instagram.com/reel/DdCk84YpWmf/,
319,teammate,https://www.instagram.com/reel/DdCk_xzhtbB/,
320,teammate,https://www.instagram.com/reel/DdCnEavyapt/,
321,teammate,https://www.instagram.com/reel/DdCo0eWtbmL/,
322,teammate,https://www.instagram.com/reel/DdCojmMyLxk/,
323,teammate,https://www.instagram.com/reel/DdCp4_fDuqR/,
324,teammate,https://www.instagram.com/reel/DdCpGOMvLDF/,
325,teammate,https://www.instagram.com/reel/DdCt-int_q1/,
326,teammate,https://www.instagram.com/reel/DdCtbGMvIpK/,
327,teammate,https://www.instagram.com/reel/DdCtrmeSDQs/,
328,teammate,https://www.instagram.com/reel/DdCvyCPyzm-/,
329,teammate,https://www.instagram.com/reel/DdCwFzhPOxZ/,
330,teammate,https://www.instagram.com/reel/DdCwec7MSrp/,
331,teammate,https://www.instagram.com/reel/DdCxG_dhSyW/,
332,teammate,https://www.instagram.com/reel/DdCxW7dP7Mu/,
333,teammate,https://www.instagram.com/reel/DdCyz_rhFFG/,
334,teammate,https://www.instagram.com/reel/DdCzgOHTxwS/,
335,teammate,https://www.instagram.com/reel/DdD0D4DBDi_/,
336,teammate,https://www.instagram.com/reel/DdD0qT3RGNC/,
337,teammate,https://www.instagram.com/reel/DdD1BR3poMc/,
338,teammate,https://www.instagram.com/reel/DdD1Ue9JzCb/,
339,teammate,https://www.instagram.com/reel/DdDB3FypA4Z/,
340,teammate,https://www.instagram.com/reel/DdDB7s9hlya/,
341,teammate,https://www.instagram.com/reel/DdDBlx5AVIh/,
342,teammate,https://www.instagram.com/reel/DdDBtj_R35x/,
343,teammate,https://www.instagram.com/reel/DdDCClGDZao/,
344,teammate,https://www.instagram.com/reel/DdDCStps2Yc/,
345,teammate,https://www.instagram.com/reel/DdDCtY0TlP3/,
346,teammate,https://www.instagram.com/reel/DdDEMQixgJI/,
347,teammate,https://www.instagram.com/reel/DdDFFhGhvDI/,
348,teammate,https://www.instagram.com/reel/DdDFNJaMG12/,
349,teammate,https://www.instagram.com/reel/DdDFX4vtfD1/,
350,teammate,https://www.instagram.com/reel/DdDFaLoPbyT/,
351,teammate,https://www.instagram.com/reel/DdDFgnkNT13/,
352,teammate,https://www.instagram.com/reel/DdDG7CtMNu2/,
353,teammate,https://www.instagram.com/reel/DdDHFzLsy4p/,
354,teammate,https://www.instagram.com/reel/DdDH_z6OCBA/,
355,teammate,https://www.instagram.com/reel/DdDHrZ0NoRe/,
356,teammate,https://www.instagram.com/reel/DdDHxW0Odq0/,
357,teammate,https://www.instagram.com/reel/DdDJ-9yzrtY/,
358,teammate,https://www.instagram.com/reel/DdDJ0YisfhJ/,
359,teammate,https://www.instagram.com/reel/DdDN7iwzu3A/,
360,teammate,https://www.instagram.com/reel/DdDP3P6ORTJ/,
361,teammate,https://www.instagram.com/reel/DdDPVeez2DI/,
362,teammate,https://www.instagram.com/reel/DdDPxKAICg1/,
363,teammate,https://www.instagram.com/reel/DdDQojUM2px/,
364,teammate,https://www.instagram.com/reel/DdDS5_sMohR/,
365,teammate,https://www.instagram.com/reel/DdDSS-aoKoW/,
366,teammate,https://www.instagram.com/reel/DdDTb-WOnh5/,
367,teammate,https://www.instagram.com/reel/DdDUY5PuwKt/,
368,teammate,https://www.instagram.com/reel/DdDVIqVOKo1/,
369,teammate,https://www.instagram.com/reel/DdDVrjLuyy7/,
370,teammate,https://www.instagram.com/reel/DdDWSckRfnj/,
371,teammate,https://www.instagram.com/reel/DdDWeKUvOM4/,
372,teammate,https://www.instagram.com/reel/DdDYnzwI88N/,
373,teammate,https://www.instagram.com/reel/DdDdvXdtziq/,
374,teammate,https://www.instagram.com/reel/DdDeOZztF9M/,
375,teammate,https://www.instagram.com/reel/DdDhPqztYkZ/,
376,teammate,https://www.instagram.com/reel/DdDkHbDCxbB/,
377,teammate,https://www.instagram.com/reel/DdDlSH3J9Uh/,
378,teammate,https://www.instagram.com/reel/DdDwIH8yzPK/,
379,teammate,https://www.instagram.com/reel/DdDzSy9SJbN/,
